{"aAcc": 82.45, "mIoU": 62.37, "mAcc": 75.2, "data_time": 0.010690718053657318, "time": 0.11572158002407751}